Perceived_loneliness,Frequency_of_Social_interaction,Frequency_of_Social_Media_Usage,Social_media_for_companionship,Apps_for_companionship,Interest_in_niche_free_app,Social_media_for_real_life_meeting,Using_dating_apps,Help_from_dating_apps,Artificially_kept_on_apps,Interest_in_simple_paring_app,Used_mental_health_chatbot,Consider_mental_health_chatbot,Comments_on_social_media_posts,Change_social_media_comments,Features_to_combat_loneliness
1,1,4,No,3,No,No,No,No,Yes,No,No,Yes,Yes, Introduce a fact-checking tool for comments to prevent misinformation., Introduce virtual spaces for shared activities like watching movies together.
2,2,4,Yes,1,Yes,No,Yes,No,Yes,Yes,Yes,Yes,Yes, Allow users to create comment filters based on keywords or user ratings., Launch a 'companion' bot that users can converse with.
3,5,1,Yes,3,Yes,No,Yes,Yes,Yes,Yes,No,No,No, Offer a customizable profanity filter that users can tailor., Offer mental wellness check-ins and activities to promote user health.
5,1,2,No,2,No,No,Yes,No,No,No,No,No,No, Provide an option to mute specific users from comment sections., Develop a platform for volunteer opportunities to foster a sense of purpose.
5,1,4,Yes,2,Yes,Yes,No,No,Yes,Yes,No,Yes,Yes, Provide sentiment analysis of comment sections for a general mood, Create a 'story' feature where users can share positive personal experiences.
1,2,4,Yes,4,Yes,No,No,Yes,No,Yes,No,No,Yes, Offer a comment translation option for global user engagement., Offer virtual reality meetups for a more immersive social experience.
1,5,3,No,5,Yes,No,Yes,No,No,No,No,Yes,Yes, Create an optional 'quiet mode' where comments are hidden by default., Implement a 'reach out' feature for connecting with others who feel lonely.
4,5,4,No,2,No,Yes,Yes,Yes,Yes,Yes,Yes,No,Yes, Introduce user profiles dedicated to commenting behavior and reputation., Create AI-driven conversation starters for users to break the ice.
1,2,4,No,5,Yes,Yes,Yes,No,Yes,No,No,Yes,Yes, The text should not include any comment sections., Introduce hobby clubs where users can share and discuss personal projects.
3,3,5,Yes,3,Yes,Yes,Yes,Yes,No,Yes,No,No,Yes, Allow comment bookmarking for personal reference., Develop a 'daily challenge' that encourages interaction with other users.
4,3,3,No,5,No,Yes,Yes,No,Yes,Yes,No,No,Yes, Nothing, Offer a 'kindness exchange' where users can share uplifting messages.
3,5,3,No,1,No,No,Yes,No,No,Yes,No,Yes,No, Develop a 'comment quality' score based on user feedback., Provide a 'goal-setting' feature with community support.
3,1,3,No,3,Yes,No,No,Yes,Yes,Yes,Yes,No,Yes, Implement timed comments that disappear after a set duration for ephemeral discussions., Introduce themed chat rooms for users to join based on current mood or interest.
5,2,5,Yes,3,Yes,Yes,No,Yes,No,No,No,No,No,Timed comments that automatically vanish after a predetermined duration is crucial for facilitating ephemeral discussions., Provide a 'buddy system' that pairs new users with a friendly welcoming team.
2,5,3,Yes,3,No,No,No,Yes,Yes,Yes,Yes,No,Yes, Don’t change a thing! , Develop support groups moderated by mental health professionals.
4,3,2,No,3,No,Yes,Yes,Yes,Yes,No,No,Yes,Yes, Introduce collapsible subthreads for easier reading., Set up a pen-pal program to help cultivate lasting friendships.
5,1,4,Yes,1,Yes,No,Yes,No,Yes,Yes,No,Yes,No, Make it like Facebook., Launch a 'local explorer' feature to encourage discovering new places and making friends.
4,4,2,No,4,No,Yes,Yes,Yes,No,Yes,Yes,No,Yes, Allow community-driven comment moderation through upvotes and downvotes., How about launching a mentorship program on the platform to foster personal development?
4,4,4,Yes,5,No,No,No,No,Yes,No,No,Yes,No, Grant the option to mute certain users from participating in comment sections., Offer collaborative playlists where users can add music and listen together.
4,1,5,Yes,4,Yes,No,Yes,Yes,Yes,Yes,No,Yes,Yes, Analyze the sentiment of comment sections to gauge the overall mood., Let's create a cool 'compliment circle' feature to spread some positivity around!
4,5,5,Yes,4,Yes,No,No,No,Yes,Yes,No,No,No, Design an hierarchical system that arranges comments in a way that highlights the most engaged ones as a priority. , Develop a 'compliment circle' feature to promote positivity.
4,2,3,No,2,Yes,No,Yes,No,No,No,No,Yes,No, Presenting a 'spoiler' tag option for comments that address sensitive subjects., Provide a 'connect with a buddy' option that recommends potential friends who share similar hobbies and interests.
1,2,2,No,1,No,Yes,No,No,Yes,No,Yes,No,No, I  would not change anything. , Develop a platform-wide event calendar for users to find and join local events.
1,3,1,Yes,3,Yes,No,Yes,Yes,Yes,Yes,No,Yes,Yes, Create a hierarchical system that prioritizes the display of the most engaged comments at the top., Offer a 'random chat' option to connect with strangers for spontaneous conversations.
3,3,2,Yes,4,Yes,Yes,Yes,Yes,No,Yes,Yes,No,Yes, Provide sentiment analysis of comment sections for a general mood., Provide prompts for personal storytelling in a supportive environment.
4,2,4,No,3,No,Yes,Yes,No,Yes,No,Yes,Yes,No,Choice to silence specific users in comment sections., Introduce a system to connect users for learning new skills together.
3,4,4,No,2,Yes,No,No,Yes,No,Yes,Yes,No,Yes, Enable audio comments for those who prefer speaking to typing., Offer an anonymous support circle for sharing and receiving advice.
1,2,1,Yes,4,No,Yes,Yes,No,Yes,Yes,No,Yes,No,Include an option that allows user to disable comments., Introduce pet profiles for users to bond over animal companionship.
5,2,2,No,5,Yes,Yes,No,No,No,No,Yes,Yes,No, Develop a discretionary feature known as 'silent mode' in which comments are concealed as the default setting., Develop a 'virtual café' where users can simulate social coffee breaks.
4,1,5,Yes,5,Yes,No,No,Yes,Yes,No,No,Yes,Yes,  User badges can be awarded to proficient commentators in specialized domains to acknowledge their expertise., Share some ideas to help people tell their personal stories in a safe and encouraging space.
